{"cameraMode":{"drawMode":0,"name":"Shaded","section":"Shading Mode"},"sceneLighting":true,"audioPlay":false,"sceneViewState":{"showFog":true,"showMaterialUpdate":false,"showSkybox":true,"showFlares":true,"showImageEffects":true,"showParticleSystems":true},"in2DMode":false,"pivot":{"x":22.3601131439209,"y":11.244752883911133,"z":-49.031455993652347},"rotation":{"x":0.10070908069610596,"y":-0.4447687268257141,"z":0.0503203459084034,"w":0.8886259198188782},"size":19.554119110107423,"orthographic":false}